Systematic gene name	Standard gene name	Uniprot ID	Number of P-sites	P-site positions	Annotation
YNL295W	MRX6	P48564	1	96	Mitochondrial ribosome-associated protein; regulates mitochondrial DNA copy number and the size and distribution of mtDNA nucleoids; subunit of a complex containing Pet20p, Mam33p, and Pim1p that may regulate mtDNA replication; member of the PET20 domain-containing protein family; forms foci that partially co-localize with mtDNA
YLR139C	SLS1	P42900	2	87, 429	Mitochondrial membrane protein; coordinates expression of mitochondrially-encoded genes; may facilitate delivery of mRNA to membrane-bound translation machinery
YHL004W	MRP4	P32902	3	62, 83, 307	Mitochondrial ribosomal protein of the small subunit
YGL068W	MNP1	P53163	3	10,11,25	Mitochondrial ribosomal protein of the large subunit; has similarity to E. coli L7/L12 and human MRPL7 ribosomal proteins; associates with the mitochondrial nucleoid; required for normal respiratory growth
YFL016C	MDJ1	P35191	4	38,191,300, 434	Co-chaperone that stimulates HSP70 protein Ssc1p ATPase activity; involved in protein folding/refolding in the mitochodrial matrix; required for proteolysis of misfolded proteins; member of the HSP40 (DnaJ) family of chaperones
YNL252C	MRPL17	P36528	5	13,15,19,120,163	Mitochondrial ribosomal protein of the large subunit
YOR020C	HSP10	P38910	5	10,29,31,81,82	Mitochondrial matrix co-chaperonin; inhibits the ATPase activity of Hsp60p, a mitochondrial chaperonin; involved in protein folding and sorting in the mitochondria; 10 kD heat shock protein with similarity to E. coli groE
YCL064C	CHA1	P25379	6	33,93,165,169,257,303	Catabolic L-serine (L-threonine) deaminase; catalyzes the degradation of both L-serine and L-threonine; required to use serine or threonine as the sole nitrogen source, transcriptionally induced by serine and threonine
YDL078C	MDH3	P32419	6	10,46,299,335,340,341	Peroxisomal malate dehydrogenase; catalyzes interconversion of malate and oxaloacetate; involved in the glyoxylate cycle; mutation in human homolog MDH2 causes early-onset severe encephalopathy
YOR330C	MIP1	P15801	7	652,654,791,795,836,1113,1215	Mitochondrial DNA polymerase gamma; single subunit of mitochondrial DNA polymerase in yeast, in contrast to metazoan complex of catalytic and accessory subunits; polymorphic in yeast, petites occur more frequently in some lab strains; human ortholog POLG complements yeast mip1 mutant; mutations in human POLG associated with Alpers-Huttenlocher syndrome (AHS), progressive external ophthalmoplegia (PEO), parkinsonism, other mitochondrial diseases
YMR241W	YHM2	Q04013	7	3,46,55,95,145,147,207	Citrate and oxoglutarate carrier protein; exports citrate from and imports oxoglutarate into the mitochondrion, causing net export of NADPH reducing equivalents; also associates with mt nucleoids and has a role in replication and segregation of the mt genome
YMR072W	ABF2	Q02486	8	59,67,74,101,132,142,156,160	Mitochondrial DNA-binding protein; involved in mitochondrial DNA replication and recombination, member of HMG1 DNA-binding protein family; activity may be regulated by protein kinase A phosphorylation; ABF2 has a paralog, IXR1, that arose from the whole genome duplication; human homolog TFAM can complement yeast abf2 mutant, rescuing the loss-of-mitochondrial DNA phenotype
YML120C	NDI1	P32340	8	27,28,33,39,42,77,83,239	NADH:ubiquinone oxidoreductase; transfers electrons from NADH to ubiquinone in respiratory chain but does not pump protons, in contrast to higher eukaryotic multisubunit respiratory complex I; upon apoptotic stress, is activated in mitochondria by N-terminal cleavage, then translocates to cytoplasm to induce apoptosis; homolog of human AIFM2; yeast NDI1 complements several phenotypes of human cell line with mutated MT-ND4, implicated in Leber hereditary optic neuropathy
YBR221C	PDB1	P32473	10	140,185,224,240,276,282,332,340,338,352	E1 beta subunit of the pyruvate dehydrogenase (PDH) complex; PDH is an evolutionarily conserved multi-protein complex found in mitochondria
YFL018C	LPD1	P09624	11	6,52,64,73,140,158,176,199,336,348,418	Dihydrolipoamide dehydrogenase; the lipoamide dehydrogenase component (E3) of the pyruvate dehydrogenase and 2-oxoglutarate dehydrogenase multi-enzyme complexes; PDH complex is concentrated in spots within the mitochondrial matrix, often near the ERMES complex and near peroxisomes; LPD1 has a paralog, IRC15, that arose from the whole genome duplication
YBL022C	PIM1	P36775	11	120,142,300,657,787,842,846,849,850,860,902	ATP-dependent Lon protease; involved in degradation of misfolded mitochondrial proteins; required for mitochondrial maintenance and biogenesis; regulates mitochondrial DNA copy number with Mrx6p; subunit of a complex containing Mrx6p, Pet20p, and Mam33p that may regulate mtDNA replication; protease-independent, chaperone-like function in mitochondrial membrane complex assembly; localizes to the mitochondrial matrix
YCL009C	ILV6	P25605	12	16,26,30,92,95,97,107,113,212,256,273,281	Regulatory subunit of acetolactate synthase; acetolactate synthase catalyzes the first step of branched-chain amino acid biosynthesis; enhances activity of the Ilv2p catalytic subunit, localizes to mitochondria
YDL066W	IDP1	P21954	12	10,68,69,91,93,110,114,200,202,205,278,319	Mitochondrial NADP-specific isocitrate dehydrogenase; catalyzes the oxidation of isocitrate to alpha-ketoglutarate; not required for mitochondrial respiration and may function to divert alpha-ketoglutarate to biosynthetic processes
YCR028C-A	RIM1	P32445	12	14,23,30,33,36,37,47,50,105,107,133,134	ssDNA-binding protein essential for mitochondrial genome maintenance; involved in mitochondrial DNA replication; stimulates utilization by Mip1p DNA polymerase of RNA primers synthesized by Rpo41p
YFL036W	RPO41	P13433	13	87,270,292,301,302,304,496,499,501,521,588,732,1281	Mitochondrial RNA polymerase; single subunit enzyme similar to those of T3 and T7 bacteriophages; requires a specificity subunit encoded by MTF1 for promoter recognition; Mtf1p interacts with and stabilizes the Rpo41p-promoter complex, enhancing DNA bending and melting to facilitate pre-initiation open complex formation; Rpo41p also synthesizes RNA primers for mitochondrial DNA replication
YNL037C	IDH1	P28834	13	13,103,143,148,154,188,190,210,248,284,343,344,345	Subunit of mitochondrial NAD(+)-dependent isocitrate dehydrogenase; complex catalyzes the oxidation of isocitrate to alpha-ketoglutarate in the TCA cycle
YJR144W	MGM101	P32787	14	26,29,40,43,54,66,71,76,80,82,83,87,91,170	Protein with a role in mitochondrial DNA recombinational repair; also involved in interstrand cross-link repair; binds to and catalyzes the annealing of single-stranded mtDNA; oligomerizes to form rings and filaments; related to Rad52-type recombination proteins, with limited overall similarity but sharing conserved functionally important residues; component of the mitochondrial nucleoid, required for the repair of oxidative mtDNA damage and mitochondrial genome maintenance
YER069W	ARG5,6	Q01217	14	3,70,95,279,325,358,359,365,385,416,512,513,529,530	Acetylglutamate kinase and N-acetyl-gamma-glutamyl-phosphate reductase; N-acetyl-L-glutamate kinase (NAGK) catalyzes the 2nd and N-acetyl-gamma-glutamyl-phosphate reductase (NAGSA), the 3rd step in arginine biosynthesis; synthesized as a precursor which is processed in the mitochondrion to yield mature NAGK and NAGSA; enzymes form a metabolon complex with Arg2p; NAGK C-terminal domain stabilizes the enzymes, slows catalysis and is involved in feed-back inhibition by arginine 
YPR191W	QCR2	P07257	15	18,29,59,61,112,141,168,217,280,294,315,321,331,333,334	Subunit 2 of ubiquinol cytochrome-c reductase (Complex III); Complex III is a component of the mitochondrial inner membrane electron transport chain; phosphorylated; transcription is regulated by Hap1p, Hap2p/Hap3p, and heme
YOR142W	LSC1	P53598	17	21,27,45,184,186,188,198,216,256,257,260,285,292,294,298,313	Alpha subunit of succinyl-CoA ligase; succinyl-CoA ligase is a mitochondrial enzyme of the TCA cycle that catalyzes the nucleotide-dependent conversion of succinyl-CoA to succinate; phosphorylated
YBL045C	COR1	P07256	17	20,24,83,94,95,98,112,116,133,134,135,140,172,175,229,247,287	Core subunit of the ubiquinol-cytochrome c reductase complex; the ubiquinol-cytochrome c reductase complex (bc1 complex) is a component of the mitochondrial inner membrane electron transport chain
YJR121W	ATP2	P00830	18	27,28,35,39,40,43,112,117,124,144,163,237,246,299,302,317,373,470	Beta subunit of the F1 sector of mitochondrial F1F0 ATP synthase; which is a large, evolutionarily conserved enzyme complex required for ATP synthesis; F1 translationally regulates ATP6 and ATP8 expression to achieve a balanced output of ATP synthase genes encoded in nucleus and mitochondria; phosphorylated 
YIL125W	KGD1	P20967	20	51,79,86,151,313,322,325,331,452,453,457,517,530,546,850,901,910,988,995,997	Subunit of the mitochondrial alpha-ketoglutarate dehydrogenase complex; catalyzes a key step in the tricarboxylic acid (TCA) cycle, the oxidative decarboxylation of alpha-ketoglutarate to form succinyl-CoA
YER178W	PDA1	P16387	20	32,50,102,133,137,166,251,254,256,309,311,313,315,319,320,321,332,361,395,397	E1 alpha subunit of the pyruvate dehydrogenase (PDH) complex; catalyzes the direct oxidative decarboxylation of pyruvate to acetyl-CoA; phosphorylated; regulated by glucose; PDH complex is concentrated in spots within the mitochondrial matrix, often near the ERMES complex and near peroxisomes
YDR148C	KGD2	P19262	21	17,27,34,35,46,51,53,73,74,121,180,181,186,203,214,216,225,227,236,340,449	Dihydrolipoyl transsuccinylase; component of the mitochondrial alpha-ketoglutarate dehydrogenase complex, which catalyzes the oxidative decarboxylation of alpha-ketoglutarate to succinyl-CoA in the TCA cycle; phosphorylated
YBL099W	ATP1	P07251	21	31,37,38,43,46,47,57,115,178,213,230,233,256,309,340,350,413,445,511,527,533	Alpha subunit of the F1 sector of mitochondrial F1F0 ATP synthase; which is a large, evolutionarily conserved enzyme complex required for ATP synthesis; F1 translationally regulates ATP6 and ATP8 expression to achieve a balanced output of ATP synthase genes encoded in nucleus and mitochondria; phosphorylated; N-terminally propionylated in viv
YNL071W	LAT1	P12695	29	18,43,63,73,75,97,109,127,129,131,133,134,135,157,158,165,177,190,197,210,215,216,270,276,280,281,286,294,368	Dihydrolipoamide acetyltransferase component (E2) of the PDC; the pyruvate dehydrogenase complex (PDC) catalyzes the oxidative decarboxylation of pyruvate to acetyl-CoA
YOR374W	ALD4	P46367	29	5,14,25,96,99,139,154,155,172,175,177,211,216,219,220,223,226,228,267,269,270,272,348,350,360,367,368,398,500	Mitochondrial aldehyde dehydrogenase; required for growth on ethanol and conversion of acetaldehyde to acetate; phosphorylated; activity is K+ dependent; utilizes NADP+ or NAD+ equally as coenzymes; expression is glucose repressed; can substitute for cytosolic NADP-dependent aldehyde dehydrogenase when directed to the cytosol; human homolog ALDH2 can complement yeast ald4 mutant
YLR304C	ACO1	P19414	35	18,20,37,83,87,174,202,254,231,238,239,252,257,298,311,319,351,383,385,386,387,391,395,409,417,467,468,508,549,550,556,591,595,736,767	Aconitase; required for the tricarboxylic acid (TCA) cycle and also independently required for mitochondrial genome maintenance; component of the mitochondrial nucleoid; mutation leads to glutamate auxotrophy; human homolog ACO2 can complement yeast null mutant
YLR259C	HSP60	P19882	35	4,5,22,23,43,80,100,102,122,124,141,153,177,185,197,203,231,232,249,250,351,357,373,377,378,379,381,382,395,407,439,470,485,495,506	Tetradecameric mitochondrial chaperonin; required for ATP-dependent folding of precursor polypeptides and complex assembly; prevents aggregation and mediates protein refolding after heat shock; role in mtDNA transmission; phosphorylated
YLR355C	ILV5	P06168	39	21,44,56,59,74,75,85,87,113,130,139,153,166,168,170,174,199,202,205,215,216,217,254,257,284,286,292,311,317,318,319,328,343,345,346,350,355,360,374	Acetohydroxyacid reductoisomerase and mtDNA binding protein; involved in branched-chain amino acid biosynthesis and maintenance of wild-type mitochondrial DNA; found in mitochondrial nucleoids
YJR045C	SSC1	P0CS90	45	11,12,14,15,16,21,31,61,63,64,66,71,97,125,138,137,139,169,177,201,269,311,319,330,332,353,354,355,367,378,385,440,450,457,458,481,516,528,572,594,617,623,624,636,649	Hsp70 family ATPase; constituent of the import motor component of the Translocase of the Inner Mitochondrial membrane (TIM23 complex); involved in protein translocation and folding; subunit of SceI endonuclease; SSC1 has a paralog, ECM10, that arose from the whole genome duplication
