Systematic gene name	Standard gene name	Uniprot ID	Number of P-sites	P-site positions	P-site Exact Conservation (%)	P-site Functional STY (%)	P-site pLDDT Score	P-site Structural State	Metapredict Disorder Score	Metapredict State	P-site SASA (Å²)	P-site 3D Location (SASA)	Annotation
YNL295W	MRX6	P48564	1	96	0	37.5	31.4	Very low	0.946	Disordered	209	Exposed	Mitochondrial ribosome-associated protein; regulates mitochondrial DNA copy number and the size and distribution of mtDNA nucleoids; subunit of a complex containing Pet20p, Mam33p, and Pim1p that may regulate mtDNA replication; member of the PET20 domain-containing protein family; forms foci that partially co-localize with mtDNA
YLR139C	SLS1	P42900	2	87, 429	100,12.5	100,12.5	58.6,65.6	Low,Low	0.609,0.681	Disordered,Disordered	76,46	Exposed,Exposed	Mitochondrial membrane protein; coordinates expression of mitochondrially-encoded genes; may facilitate delivery of mRNA to membrane-bound translation machinery
YHL004W	MRP4	P32902	3	62, 83, 307	100,87.5,75	100,100,75	77.2,80.8,91.7	Confident,Confident,Very high	0.365,0.176,0.716	Ordered,Ordered,Disordered	95,66,54	Exposed,Exposed,Exposed	Mitochondrial ribosomal protein of the small subunit
YGL068W	MNP1	P53163	3	10,11,25	100,75,25	100,75,75	56.2,38.7,47.2	Low,Very low,Very low	0.91,0.919,0.91	Disordered,Disordered,Disordered	124,105,127	Exposed,Exposed,Exposed	Mitochondrial ribosomal protein of the large subunit; has similarity to E. coli L7/L12 and human MRPL7 ribosomal proteins; associates with the mitochondrial nucleoid; required for normal respiratory growth
YFL016C	MDJ1	P35191	4	38,191,300, 434	62.5,87.5,87.5,100	62.5,87.5,100,100	38.6,46.1,93.6,85.5	Very low,Very low,Very high,Confident	0.753,0.679,0.036,0.06	Disordered,Disordered,Ordered,Ordered	117,101,89,33	Exposed,Exposed,Exposed,Exposed	Co-chaperone that stimulates HSP70 protein Ssc1p ATPase activity; involved in protein folding/refolding in the mitochodrial matrix; required for proteolysis of misfolded proteins; member of the HSP40 (DnaJ) family of chaperones
YNL252C	MRPL17	P36528	5	13,15,19,120,163	100,62.5,12.5,0,75	100,62.5,25,0,75	46.5,45.2,57.7,57.4,94.5	Very low,Very low,Low,Low,Very high	0.893,0.899,0.846,0.885,0.086	Disordered,Disordered,Disordered,Disordered,Ordered	135,124,77,50,25	Exposed,Exposed,Exposed,Exposed,Exposed	Mitochondrial ribosomal protein of the large subunit
YOR020C	HSP10	P38910	5	10,29,31,81,82	100,100,100,100,100	100,100,100,100,100	89.8,80.5,84.3,96,93.8	Confident,Confident,Confident,Very high,Very high	0.355,0.256,0.28,0.126,0.114	Ordered,Ordered,Ordered,Ordered,Ordered	67,46,95,75,83	Exposed,Exposed,Exposed,Exposed,Exposed	Mitochondrial matrix co-chaperonin; inhibits the ATPase activity of Hsp60p, a mitochondrial chaperonin; involved in protein folding and sorting in the mitochondria; 10 kD heat shock protein with similarity to E. coli groE
YCL064C	CHA1	P25379	6	33,93,165,169,257,303	75,100,50,62.5,87.5,37.5	75,100,62.5,62.5,87.5,62.5	96.5,91.9,97.9,97.5,98.1,93.4	Very high,Very high,Very high,Very high,Very high,Very high	0.541,0.349,0.014,0.013,0.01,0.017	Disordered,Ordered,Ordered,Ordered,Ordered,Ordered	1,21,78,57,30,68	Buried,Exposed,Exposed,Exposed,Exposed,Exposed	Catabolic L-serine (L-threonine) deaminase; catalyzes the degradation of both L-serine and L-threonine; required to use serine or threonine as the sole nitrogen source, transcriptionally induced by serine and threonine
YDL078C	MDH3	P32419	6	10,46,299,335,340,341	100,100,50,75,75,75	100,100,75,75,75,100	97,97.6,98.5,96.1,79.2,67.9	Very high,Very high,Very high,Very high,Confident,Low	0.294,0.086,0.037,0.24,0.44,0.46	Ordered,Ordered,Ordered,Ordered,Ordered,Ordered	23,52,17,34,23,117	Exposed,Exposed,Buried,Exposed,Exposed,Exposed	Peroxisomal malate dehydrogenase; catalyzes interconversion of malate and oxaloacetate; involved in the glyoxylate cycle; mutation in human homolog MDH2 causes early-onset severe encephalopathy
YOR330C	MIP1	P15801	7	652,654,791,795,836,1113,1215	100,100,100,100,100,71.4,57.1	100,100,100,100,100,71.4,71.4	94.2,93,89.1,90.1,95,33.6,26.3	Very high,Very high,Confident,Very high,Very high,Very low,Very low	0.073,0.057,0.231,0.312,0.022,0.62,0.988	Ordered,Ordered,Ordered,Ordered,Ordered,Disordered,Disordered	40,10,7,72,1,111,109	Exposed,Buried,Buried,Exposed,Buried,Exposed,Exposed	Mitochondrial DNA polymerase gamma; single subunit of mitochondrial DNA polymerase in yeast, in contrast to metazoan complex of catalytic and accessory subunits; polymorphic in yeast, petites occur more frequently in some lab strains; human ortholog POLG complements yeast mip1 mutant; mutations in human POLG associated with Alpers-Huttenlocher syndrome (AHS), progressive external ophthalmoplegia (PEO), parkinsonism, other mitochondrial diseases
YMR241W	YHM2	Q04013	7	3,46,55,95,145,147,207	62.5,87.5,62.5,87.5,62.5,50,87.5	62.5,87.5,62.5,87.5,75,62.5,87.5	43,91.8,90.8,92.7,47.5,45.9,53.5	Very low,Very high,Very high,Very high,Very low,Very low,Low	0.912,0.033,0.013,0.009,0.323,0.421,0.245	Disordered,Ordered,Ordered,Ordered,Ordered,Ordered,Ordered	106,0,64,20,78,127,126	Exposed,Buried,Exposed,Buried,Exposed,Exposed,Exposed	Citrate and oxoglutarate carrier protein; exports citrate from and imports oxoglutarate into the mitochondrion, causing net export of NADPH reducing equivalents; also associates with mt nucleoids and has a role in replication and segregation of the mt genome
YMR072W	ABF2	Q02486	8	59,67,74,101,132,142,156,160	50,75,87.5,62.5,50,100,62.5,12.5	50,75,87.5,62.5,75,100,62.5,25	93.3,92.7,92.4,97.9,94.2,94.2,94.6,95.7	Very high,Very high,Very high,Very high,Very high,Very high,Very high,Very high	0.132,0.14,0.041,0.025,0.083,0.077,0.01,0.011	Ordered,Ordered,Ordered,Ordered,Ordered,Ordered,Ordered,Ordered	75,132,41,53,82,67,103,85	Exposed,Exposed,Exposed,Exposed,Exposed,Exposed,Exposed,Exposed	Mitochondrial DNA-binding protein; involved in mitochondrial DNA replication and recombination, member of HMG1 DNA-binding protein family; activity may be regulated by protein kinase A phosphorylation; ABF2 has a paralog, IXR1, that arose from the whole genome duplication; human homolog TFAM can complement yeast abf2 mutant, rescuing the loss-of-mitochondrial DNA phenotype
YML120C	NDI1	P32340	8	27,28,33,39,42,77,83,239	100,100,62.5,100,100,100,100,100	100,100,62.5,100,100,100,100,100	29.5,28.6,35.5,25.1,44.3,94.8,98.1,98.2	Very low,Very low,Very low,Very low,Very low,Very high,Very high,Very high	0.85,0.838,0.817,0.412,0.219,0.041,0.044,0.121	Disordered,Disordered,Disordered,Ordered,Ordered,Ordered,Ordered,Ordered	113,138,104,72,116,3,8,59	Exposed,Exposed,Exposed,Exposed,Exposed,Buried,Buried,Exposed	NADH:ubiquinone oxidoreductase; transfers electrons from NADH to ubiquinone in respiratory chain but does not pump protons, in contrast to higher eukaryotic multisubunit respiratory complex I; upon apoptotic stress, is activated in mitochondria by N-terminal cleavage, then translocates to cytoplasm to induce apoptosis; homolog of human AIFM2; yeast NDI1 complements several phenotypes of human cell line with mutated MT-ND4, implicated in Leber hereditary optic neuropathy
YBR221C	PDB1	P32473	10	140,185,224,240,276,282,332,340,338,352	100,100,100,62.5,75,50,100,100,100,37.5	100,100,100,75,75,50,100,100,100,37.5	97.8,98.5,96.8,98.6,98.8,98.2,98.6,97.7,97.4,98.4	Very high,Very high,Very high,Very high,Very high,Very high,Very high,Very high,Very high,Very high	0.056,0.023,0.041,0.029,0.01,0.004,0.139,0.064,0.105,0.064	Ordered,Ordered,Ordered,Ordered,Ordered,Ordered,Ordered,Ordered,Ordered,Ordered	36,8,47,83,0,35,32,176,10,11	Exposed,Buried,Exposed,Exposed,Buried,Exposed,Exposed,Exposed,Buried,Buried	E1 beta subunit of the pyruvate dehydrogenase (PDH) complex; PDH is an evolutionarily conserved multi-protein complex found in mitochondria
YFL018C	LPD1	P09624	11	6,52,64,73,140,158,176,199,336,348,418	100,100,100,100,100,100,100,100,75,100,100	100,100,100,100,100,100,100,100,100,100,100	36.3,98.8,98.6,98.3,98.6,96.8,98.7,97.1,97.9,98.5,97.2	Very low,Very high,Very high,Very high,Very high,Very high,Very high,Very high,Very high,Very high,Very high	0.811,0.007,0.002,0.0,0.126,0.054,0.081,0.038,0.016,0,0.144	Disordered,Ordered,Ordered,Ordered,Ordered,Ordered,Ordered,Ordered,Ordered,Ordered,Ordered	103,1,33,7,25,29,9,63,11,5,38	Exposed,Buried,Exposed,Buried,Exposed,Exposed,Buried,Exposed,Buried,Buried,Exposed	Dihydrolipoamide dehydrogenase; the lipoamide dehydrogenase component (E3) of the pyruvate dehydrogenase and 2-oxoglutarate dehydrogenase multi-enzyme complexes; PDH complex is concentrated in spots within the mitochondrial matrix, often near the ERMES complex and near peroxisomes; LPD1 has a paralog, IRC15, that arose from the whole genome duplication
YBL022C	PIM1	P36775	11	120,142,300,657,787,842,846,849,850,860,902	25,75,25,100,100,100,75,75,50,75,75	25,75,25,100,100,100,87.5,75,62.5,75,100	20,19.9,19.1,92.3,91.2,62.3,32.6,23.9,21.8,15.3,85.7	Very low,Very low,Very low,Very high,Very high,Low,Very low,Very low,Very low,Very low,Confident	0.936,0.982,0.966,0.025,0.182,0.526,0.861,0.973,0.976,0.994,0.306	Disordered,Disordered,Disordered,Ordered,Ordered,Disordered,Disordered,Disordered,Disordered,Disordered,Ordered	121,92,133,52,55,71,84,122,98,104,35	Exposed,Exposed,Exposed,Exposed,Exposed,Exposed,Exposed,Exposed,Exposed,Exposed,Exposed	ATP-dependent Lon protease; involved in degradation of misfolded mitochondrial proteins; required for mitochondrial maintenance and biogenesis; regulates mitochondrial DNA copy number with Mrx6p; subunit of a complex containing Mrx6p, Pet20p, and Mam33p that may regulate mtDNA replication; protease-independent, chaperone-like function in mitochondrial membrane complex assembly; localizes to the mitochondrial matrix
YCL009C	ILV6	P25605	12	16,26,30,92,95,97,107,113,212,256,273,281	75,100,100,100,100,100,100,100,100,100,100,100	75,100,100,100,100,100,100,100,100,100,100,100	46.8,56.2,74.1,95.8,95.6,94.8,96.2,96.3,97.6,97.2,97.2,95	Very low,Low,Confident,Very high,Very high,Very high,Very high,Very high,Very high,Very high,Very high,Very high	0.993,0.993,0.985,0.139,0.131,0.112,0.015,0.003,0.077,0.013,0.207,0.677	Disordered,Disordered,Disordered,Ordered,Ordered,Ordered,Ordered,Ordered,Ordered,Ordered,Ordered,Disordered	102,125,79,87,40,20,23,35,73,51,43,116	Exposed,Exposed,Exposed,Exposed,Exposed,Buried,Exposed,Exposed,Exposed,Exposed,Exposed,Exposed	Regulatory subunit of acetolactate synthase; acetolactate synthase catalyzes the first step of branched-chain amino acid biosynthesis; enhances activity of the Ilv2p catalytic subunit, localizes to mitochondria
YDL066W	IDP1	P21954	12	10,68,69,91,93,110,114,200,202,205,278,319	87.5,100,25,100,100,100,100,100,100,100,100,100	87.5,100,25,100,100,100,100,100,100,100,100,100	38.1,98.2,97.8,97.4,94.8,93.4,93.4,98,97.2,95.4,98.4,97.2	Very low,Very high,Very high,Very high,Very high,Very high,Very high,Very high,Very high,Very high,Very high,Very high	0.857,0.084,0.078,0.017,0.038,0.066,0.037,0.043,0.052,0.042,0.001,0.047	Disordered,Ordered,Ordered,Ordered,Ordered,Ordered,Ordered,Ordered,Ordered,Ordered,Ordered,Ordered	109,53,79,14,70,35,25,103,57,17,25,12	Exposed,Exposed,Exposed,Buried,Exposed,Exposed,Exposed,Exposed,Exposed,Buried,Exposed,Buried	Mitochondrial NADP-specific isocitrate dehydrogenase; catalyzes the oxidation of isocitrate to alpha-ketoglutarate; not required for mitochondrial respiration and may function to divert alpha-ketoglutarate to biosynthetic processes
YCR028C-A	RIM1	P32445	12	14,23,30,33,36,37,47,50,105,107,133,134	33.3,100,100,83.3,100,100,100,100,100,100,50,66.7	33.3,100,100,83.3,100,100,100,100,100,100,50,66.7	63.9,98.1,95.1,97.4,96.6,93.4,98.2,97.6,95.1,96.7,55.6,52.7	Low,Very high,Very high,Very high,Very high,Very high,Very high,Very high,Very high,Very high,Low,Low	0.62,0.39,0.432,0.421,0.449,0.449,0.174,0.263,0.144,0.084,0.891,0.863	Disordered,Ordered,Ordered,Ordered,Ordered,Ordered,Ordered,Ordered,Ordered,Ordered,Disordered,Disordered	126,58,37,65,94,43,9,15,68,33,83,98	Exposed,Exposed,Exposed,Exposed,Exposed,Exposed,Buried,Buried,Exposed,Exposed,Exposed,Exposed	ssDNA-binding protein essential for mitochondrial genome maintenance; involved in mitochondrial DNA replication; stimulates utilization by Mip1p DNA polymerase of RNA primers synthesized by Rpo41p
YFL036W	RPO41	P13433	13	87,270,292,301,302,304,496,499,501,521,588,732,1281	75,75,62.5,37.5,25,75,100,100,87.5,100,100,100,100	75,100,62.5,37.5,25,75,100,100,87.5,100,100,100,100	30.3,30.4,27.4,28.5,28.6,30.6,90,91.1,88.3,84.2,59.2,97.7,85.6	Very low,Very low,Very low,Very low,Very low,Very low,Confident,Very high,Confident,Confident,Low,Very high,Confident	0.634,0.81,1,1,0.974,0.94,0.115,0.036,0.018,0.081,0.182,0.045,0.458	Disordered,Disordered,Disordered,Disordered,Disordered,Disordered,Ordered,Ordered,Ordered,Ordered,Ordered,Ordered,Ordered	97,85,95,104,98,93,16,60,45,32,45,2,16	Exposed,Exposed,Exposed,Exposed,Exposed,Exposed,Buried,Exposed,Exposed,Exposed,Exposed,Buried,Buried	Mitochondrial RNA polymerase; single subunit enzyme similar to those of T3 and T7 bacteriophages; requires a specificity subunit encoded by MTF1 for promoter recognition; Mtf1p interacts with and stabilizes the Rpo41p-promoter complex, enhancing DNA bending and melting to facilitate pre-initiation open complex formation; Rpo41p also synthesizes RNA primers for mitochondrial DNA replication
YNL037C	IDH1	P28834	13	13,103,143,148,154,188,190,210,248,284,343,344,345	75,100,100,100,100,25,75,100,100,100,87.5,75,100	100,100,100,100,100,25,75,100,100,100,100,75,100	31.1,75.4,94,86.5,95.8,98.4,98.8,98.5,94.9,90.8,96.9,97.9,98.3	Very low,Confident,Very high,Confident,Very high,Very high,Very high,Very high,Very high,Very high,Very high,Very high,Very high	0.54,0.098,0.124,0.131,0.12,0.028,0.021,0.014,0.003,0.05,0.659,0.642,0.591	Disordered,Ordered,Ordered,Ordered,Ordered,Ordered,Ordered,Ordered,Ordered,Ordered,Disordered,Disordered,Disordered	115,32,5,11,57,23,7,33,1,6,116,14,19	Exposed,Exposed,Buried,Buried,Exposed,Exposed,Buried,Exposed,Buried,Buried,Exposed,Buried,Buried	Subunit of mitochondrial NAD(+)-dependent isocitrate dehydrogenase; complex catalyzes the oxidation of isocitrate to alpha-ketoglutarate in the TCA cycle
YJR144W	MGM101	P32787	14	26,29,40,43,54,66,71,76,80,82,83,87,91,170	0,25,62.5,87.5,37.5,62.5,62.5,75,37.5,62.5,62.5,25,75,87.5	62.5,37.5,75,87.5,37.5,75,75,75,62.5,62.5,62.5,75,87.5,87.5	29,31.1,32.3,35.2,27.4,53.8,65.9,79.9,60.5,45.5,45,41.7,42.6,91.6	Very low,Very low,Very low,Very low,Very low,Low,Low,Confident,Low,Very low,Very low,Very low,Very low,Very high	0.933,0.944,0.935,0.935,0.92,0.901,0.914,0.907,0.882,0.874,0.858,0.739,0.491,0.043	Disordered,Disordered,Disordered,Disordered,Disordered,Disordered,Disordered,Disordered,Disordered,Disordered,Disordered,Disordered,Ordered,Ordered	126,93,102,88,115,50,92,99,120,87,148,111,107,104	Exposed,Exposed,Exposed,Exposed,Exposed,Exposed,Exposed,Exposed,Exposed,Exposed,Exposed,Exposed,Exposed,Exposed	Protein with a role in mitochondrial DNA recombinational repair; also involved in interstrand cross-link repair; binds to and catalyzes the annealing of single-stranded mtDNA; oligomerizes to form rings and filaments; related to Rad52-type recombination proteins, with limited overall similarity but sharing conserved functionally important residues; component of the mitochondrial nucleoid, required for the repair of oxidative mtDNA damage and mitochondrial genome maintenance
YER069W	ARG5,6	Q01217	14	3,70,95,279,325,358,359,365,385,416,512,513,529,530	85.7,100,100,71.4,100,100,100,100,100,57.1,57.1,42.9,71.4,57.1	85.7,100,100,71.4,100,100,100,100,100,57.1,71.4,42.9,100,57.1	33.1,66.7,48.3,84.8,88.8,92.4,90.6,84.8,84.8,85.3,29.6,28.9,79.2,87.2	Very low,Low,Very low,Confident,Confident,Very high,Very high,Confident,Confident,Confident,Very low,Very low,Confident,Confident	1,0.254,0.022,0.118,0.052,0.078,0.087,0.083,0.095,0.085,0.691,0.697,0.791,0.764	Disordered,Ordered,Ordered,Ordered,Ordered,Ordered,Ordered,Ordered,Ordered,Ordered,Disordered,Disordered,Disordered,Disordered	120,16,105,86,10,68,47,47,62,58,111,114,28,105	Exposed,Buried,Exposed,Exposed,Buried,Exposed,Exposed,Exposed,Exposed,Exposed,Exposed,Exposed,Exposed,Exposed	Acetylglutamate kinase and N-acetyl-gamma-glutamyl-phosphate reductase; N-acetyl-L-glutamate kinase (NAGK) catalyzes the 2nd and N-acetyl-gamma-glutamyl-phosphate reductase (NAGSA), the 3rd step in arginine biosynthesis; synthesized as a precursor which is processed in the mitochondrion to yield mature NAGK and NAGSA; enzymes form a metabolon complex with Arg2p; NAGK C-terminal domain stabilizes the enzymes, slows catalysis and is involved in feed-back inhibition by arginine
YPR191W	QCR2	P07257	15	18,29,59,61,112,141,168,217,280,294,315,321,331,333,334	75,100,100,50,100,62.5,100,87.5,12.5,87.5,75,62.5,12.5,50,50	100,100,100,50,100,62.5,100,87.5,62.5,87.5,87.5,75,25,50,50	83.9,94.1,94.5,89.4,93.1,96,97.1,79.5,86.9,96,91.1,90.9,64.3,55.7,61.8	Confident,Very high,Very high,Confident,Very high,Very high,Very high,Confident,Confident,Very high,Very high,Very high,Low,Low,Low	0.528,0.172,0.07,0.052,0.018,0.034,0.009,0.133,0.044,0.025,0.092,0.058,0.225,0.196,0.154	Disordered,Ordered,Ordered,Ordered,Ordered,Ordered,Ordered,Ordered,Ordered,Ordered,Ordered,Ordered,Ordered,Ordered,Ordered	81,0,7,65,12,27,54,29,35,10,55,0,75,37,48	Exposed,Buried,Buried,Exposed,Buried,Exposed,Exposed,Exposed,Exposed,Buried,Exposed,Buried,Exposed,Exposed,Exposed	Subunit 2 of ubiquinol cytochrome-c reductase (Complex III); Complex III is a component of the mitochondrial inner membrane electron transport chain; phosphorylated; transcription is regulated by Hap1p, Hap2p/Hap3p, and heme
YOR142W	LSC1	P53598	17	21,27,45,184,186,188,198,216,256,257,260,285,292,294,298,313	62.5,100,100,100,100,100,87.5,100,100,100,75,100,100,100,100,100	62.5,100,100,100,100,100,100,100,0,0,75,100,100,100,100,100	84.2,98.2,98.2,93.8,92.9,97.1,94.3,98,97.1,95.8,92.6,77.2,68.5,80,92.2,92.9	Confident,Very high,Very high,Very high,Very high,Very high,Very high,Very high,Very high,Very high,Very high,Confident,Low,Confident,Very high,Very high	0.334,0.19,0.075,0.024,0.019,0.011,0.055,0.039,0.062,0.076,0.113,0.331,0.419,0.412,0.287,0.075	Ordered,Ordered,Ordered,Ordered,Ordered,Ordered,Ordered,Ordered,Ordered,Ordered,Ordered,Ordered,Ordered,Ordered,Ordered,Ordered	94,0,23,11,99,2,41,0,0,43,135,22,118,12,41,51	Exposed,Buried,Exposed,Buried,Exposed,Buried,Exposed,Buried,Buried,Exposed,Exposed,Exposed,Exposed,Buried,Exposed,Exposed	Alpha subunit of succinyl-CoA ligase; succinyl-CoA ligase is a mitochondrial enzyme of the TCA cycle that catalyzes the nucleotide-dependent conversion of succinyl-CoA to succinate; phosphorylated
YBL045C	COR1	P07256	17	20,24,83,94,95,98,112,116,133,134,135,140,172,175,229,247,287	87.5,12.5,50,75,100,75,75,100,87.5,75,75,100,100,87.5,50,100,100	100,25,50,75,100,75,75,100,87.5,75,75,100,100,87.5,50,100,100	48.3,70.6,95.9,97.9,97.6,94.8,94.1,96.6,90,88,91.8,97,93.3,95.5,90.2,97.6,92.4	Very low,Confident,Very high,Very high,Very high,Very high,Very high,Very high,Confident,Confident,Very high,Very high,Very high,Very high,Very high,Very high,Very high	0.906,0.844,0.437,0.337,0.333,0.267,0.368,0.283,0.381,0.401,0.411,0.358,0.441,0.394,0.361,0.115,0.021	Disordered,Disordered,Ordered,Ordered,Ordered,Ordered,Ordered,Ordered,Ordered,Ordered,Ordered,Ordered,Ordered,Ordered,Ordered,Ordered,Ordered	132,67,42,37,16,25,42,0,44,92,90,11,7,16,58,13,57	Exposed,Exposed,Exposed,Exposed,Buried,Exposed,Exposed,Buried,Exposed,Exposed,Exposed,Buried,Buried,Buried,Exposed,Buried,Exposed	Core subunit of the ubiquinol-cytochrome c reductase complex; the ubiquinol-cytochrome c reductase complex (bc1 complex) is a component of the mitochondrial inner membrane electron transport chain
YJR121W	ATP2	P00830	18	27,28,35,39,40,43,112,117,124,144,163,237,246,299,302,317,373,470	62.5,75,87.5,62.5,75,62.5,100,100,100,100,75,100,100,100,100,100,100,100	75,75,100,75,75,87.5,100,100,100,100,75,100,100,100,100,100,100,100	33.1,34.2,33.9,50.2,58.2,90.6,92.2,94.9,92.9,86,78.4,75.1,86.2,94.2,94,93.1,88.3,93.6	Very low,Very low,Very low,Low,Low,Very high,Very high,Very high,Very high,Confident,Confident,Confident,Confident,Very high,Very high,Very high,Confident,Very high	0.979,0.962,0.909,0.663,0.566,0.305,0.089,0.06,0.014,0.102,0.116,0.016,0.012,0.028,0.013,0.026,0.017,0	Disordered,Disordered,Disordered,Disordered,Disordered,Ordered,Ordered,Ordered,Ordered,Ordered,Ordered,Ordered,Ordered,Ordered,Ordered,Ordered,Ordered,Ordered	115,91,110,121,91,43,57,42,0,27,57,44,11,22,3,35,18,0	Exposed,Exposed,Exposed,Exposed,Exposed,Exposed,Exposed,Exposed,Buried,Exposed,Exposed,Exposed,Buried,Exposed,Buried,Exposed,Buried,Buried	Beta subunit of the F1 sector of mitochondrial F1F0 ATP synthase; which is a large, evolutionarily conserved enzyme complex required for ATP synthesis; F1 translationally regulates ATP6 and ATP8 expression to achieve a balanced output of ATP synthase genes encoded in nucleus and mitochondria; phosphorylated
YIL125W	KGD1	P20967	20	51,79,86,151,313,322,325,331,452,453,457,517,530,546,850,901,910,988,995,997	75,75,50,100,100,100,100,75,100,100,100,100,100,100,100,100,12.5,100,75,25	75,75,75,100,100,100,100,75,100,100,100,100,100,100,100,100,50,100,75,25	82.9,75.9,63.4,82,92.6,85.8,85.5,40.4,94.8,93.8,97.7,96.4,95.8,95.4,97.6,97.4,95.9,93.8,93.6,96.1	Confident,Confident,Low,Confident,Very high,Confident,Confident,Very low,Very high,Very high,Very high,Very high,Very high,Very high,Very high,Very high,Very high,Very high,Very high,Very high	0.283,0.22,0.286,0.273,0.026,0.077,0.076,0.232,0.088,0.09,0.071,0.147,0.047,0.087,0.014,0.005,0.103,0.28,0.268,0.22	Ordered,Ordered,Ordered,Ordered,Ordered,Ordered,Ordered,Ordered,Ordered,Ordered,Ordered,Ordered,Ordered,Ordered,Ordered,Ordered,Ordered,Ordered,Ordered,Ordered	103,80,95,31,9,0,14,116,135,65,0,67,31,53,0,13,77,46,52,91	Exposed,Exposed,Exposed,Exposed,Buried,Buried,Buried,Exposed,Exposed,Exposed,Buried,Exposed,Exposed,Exposed,Buried,Buried,Exposed,Exposed,Exposed,Exposed	Subunit of the mitochondrial alpha-ketoglutarate dehydrogenase complex; catalyzes a key step in the tricarboxylic acid (TCA) cycle, the oxidative decarboxylation of alpha-ketoglutarate to form succinyl-CoA
YER178W	PDA1	P16387	20	32,50,102,133,137,166,251,254,256,309,311,313,315,319,320,321,332,361,395,397	87.5,62.5,100,75,100,100,100,50,100,100,100,100,100,100,100,100,100,62.5,100,100	87.5,75,100,100,100,100,100,50,100,100,0,100,100,100,100,100,100,62.5,100,100	29.7,63.7,98.2,98.8,98.5,96.8,98.1,96.8,97.9,97.2,96.8,96.9,93.5,92.7,94.3,96.3,96.2,97.8,94.7,93	Very low,Low,Very high,Very high,Very high,Very high,Very high,Very high,Very high,Very high,Very high,Very high,Very high,Very high,Very high,Very high,Very high,Very high,Very high,Very high	0.884,0.732,0,0,0.008,0.087,0.08,0.082,0.073,0.097,0.193,0.186,0.184,0.113,0.088,0.074,0.116,0.025,0.187,0.194	Disordered,Disordered,Ordered,Ordered,Ordered,Ordered,Ordered,Ordered,Ordered,Ordered,Ordered,Ordered,Ordered,Ordered,Ordered,Ordered,Ordered,Ordered,Ordered,Ordered	122,83,44,2,13,23,52,98,43,12,11,11,92,69,124,39,72,60,93,61	Exposed,Exposed,Exposed,Buried,Buried,Exposed,Exposed,Exposed,Exposed,Buried,Buried,Buried,Exposed,Exposed,Exposed,Exposed,Exposed,Exposed,Exposed,Exposed	E1 alpha subunit of the pyruvate dehydrogenase (PDH) complex; catalyzes the direct oxidative decarboxylation of pyruvate to acetyl-CoA; phosphorylated; regulated by glucose; PDH complex is concentrated in spots within the mitochondrial matrix, often near the ERMES complex and near peroxisomes
YDR148C	KGD2	P19262	21	17,27,34,35,46,51,53,73,74,121,180,181,186,203,214,216,225,227,236,340,449	75,25,75,75,62.5,75,50,100,100,100,12.5,0,0,12.5,37.5,12.5,75,100,75,100,100	75,25,75,75,62.5,75,50,100,100,100,12.5,0,0,25,50,12.5,75,100,75,100,100	48.7,36.8,34.6,36.4,34.4,37.3,40,74.9,80.1,82,37.6,39.9,41.2,50.4,43.8,43.8,55.5,57.3,90.9,93.8,97	Very low,Very low,Very low,Very low,Very low,Very low,Very low,Confident,Confident,Confident,Very low,Very low,Very low,Low,Very low,Very low,Low,Low,Very high,Very high,Very high	0.827,0.773,0.822,0.835,0.833,0.84,0.859,0.917,0.909,0.819,0.973,0.969,0.97,0.972,0.958,0.981,0.912,0.851,0.381,0.033,0.015	Disordered,Disordered,Disordered,Disordered,Disordered,Disordered,Disordered,Disordered,Disordered,Disordered,Disordered,Disordered,Disordered,Disordered,Disordered,Disordered,Disordered,Disordered,Ordered,Ordered,Ordered	43,87,111,143,112,213,113,56,46,1,111,104,119,140,139,112,109,99,126,28,32	Exposed,Exposed,Exposed,Exposed,Exposed,Exposed,Exposed,Exposed,Exposed,Buried,Exposed,Exposed,Exposed,Exposed,Exposed,Exposed,Exposed,Exposed,Exposed,Exposed,Exposed	Dihydrolipoyl transsuccinylase; component of the mitochondrial alpha-ketoglutarate dehydrogenase complex, which catalyzes the oxidative decarboxylation of alpha-ketoglutarate to succinyl-CoA in the TCA cycle; phosphorylated
YBL099W	ATP1	P07251	21	31,37,38,43,46,47,57,115,178,213,230,233,256,309,340,350,413,445,511,527,533	75,87.5,75,100,100,100,100,100,100,100,37.5,75,100,100,100,87.5,100,100,87.5,75,87.5	87.5,87.5,75,100,100,100,100,100,100,100,50,100,100,100,100,87.5,100,100,87.5,100,100	40.5,47,75.2,70.3,81,80.9,61.3,89,97.4,96.2,94.2,95.4,97.1,96.9,97.7,97.6,90.9,73,95.9,94.6,95	Very low,Very low,Confident,Confident,Confident,Confident,Low,Confident,Very high,Very high,Very high,Very high,Very high,Very high,Very high,Very high,Very high,Confident,Very high,Very high,Very high	0.994,0.907,0.874,0.558,0.326,0.263,0.247,0.014,0.176,0.022,0.239,0.157,0.015,0,0,0.121,0.039,0.114,0.027,0.013,0.027	Disordered,Disordered,Disordered,Disordered,Ordered,Ordered,Ordered,Ordered,Ordered,Ordered,Ordered,Ordered,Ordered,Ordered,Ordered,Ordered,Ordered,Ordered,Ordered,Ordered,Ordered	96,56,153,19,101,58,91,62,85,47,118,68,10,18,24,20,58,116,98,44,64	Exposed,Exposed,Exposed,Buried,Exposed,Exposed,Exposed,Exposed,Exposed,Exposed,Exposed,Exposed,Buried,Buried,Exposed,Buried,Exposed,Exposed,Exposed,Exposed,Exposed	Alpha subunit of the F1 sector of mitochondrial F1F0 ATP synthase; which is a large, evolutionarily conserved enzyme complex required for ATP synthesis; F1 translationally regulates ATP6 and ATP8 expression to achieve a balanced output of ATP synthase genes encoded in nucleus and mitochondria; phosphorylated; N-terminally propionylated in viv
YNL071W	LAT1	P12695	29	18,43,63,73,75,97,109,127,129,131,133,134,135,157,158,165,177,190,197,210,215,216,270,276,280,281,286,294,368	75,100,0,100,100,100,100,62.5,75,12.5,50,50,62.5,62.5,37.5,37.5,100,50,100,62.5,75,62.5,100,100,100,100,100,100,37.5	75,100,0,100,0,100,100,75,75,25,62.5,62.5,62.5,75,37.5,87.5,100,62.5,100,62.5,75,62.5,100,100,100,100,100,100,50	45.6,81,85.8,85.8,78.7,83.5,88.7,41.5,28.1,30,28.7,35.3,30.5,37.5,43.7,42.2,86.9,86.7,85.5,87,73.2,63,92.8,93.8,95.9,95,93.4,92.6,91.4	Very low,Confident,Confident,Confident,Confident,Confident,Confident,Very low,Very low,Very low,Very low,Very low,Very low,Very low,Very low,Very low,Confident,Confident,Confident,Confident,Confident,Low,Very high,Very high,Very high,Very high,Very high,Very high,Very high	0.962,0.871,0.541,0.223,0.216,0.358,0.309,0.858,0.897,0.912,0.927,0.931,0.929,0.953,0.959,0.95,0.673,0.646,0.794,0.594,0.822,0.869,0.214,0.137,0.059,0.053,0.004,0.051,0.023	Disordered,Disordered,Disordered,Ordered,Ordered,Ordered,Ordered,Disordered,Disordered,Disordered,Disordered,Disordered,Disordered,Disordered,Disordered,Disordered,Disordered,Disordered,Disordered,Disordered,Disordered,Disordered,Ordered,Ordered,Ordered,Ordered,Ordered,Ordered,Ordered	117,29,45,20,154,42,4,50,106,125,133,117,127,132,109,120,23,72,116,45,55,74,3,65,55,26,20,69,50	Exposed,Exposed,Exposed,Buried,Exposed,Exposed,Buried,Exposed,Exposed,Exposed,Exposed,Exposed,Exposed,Exposed,Exposed,Exposed,Exposed,Exposed,Exposed,Exposed,Exposed,Exposed,Buried,Exposed,Exposed,Exposed,Buried,Exposed,Exposed	Dihydrolipoamide acetyltransferase component (E2) of the PDC; the pyruvate dehydrogenase complex (PDC) catalyzes the oxidative decarboxylation of pyruvate to acetyl-CoA
YOR374W	ALD4	P46367	29	5,14,25,96,99,139,154,155,172,175,177,211,216,219,220,223,226,228,267,269,270,272,348,350,360,367,368,398,500	75,50,100,62.5,100,62.5,100,100,75,75,75,100,100,100,100,100,100,100,100,100,100,100,100,75,75,100,100,75,100	100,50,100,75,100,75,100,100,75,75,75,100,100,100,100,100,100,100,100,100,100,100,100,75,75,100,100,75,100	37.7,33,57.2,98.2,96.8,98,97.9,98,95.8,98.2,98.4,98.9,98.8,97.9,98.8,98.8,98.9,98.6,98.8,97.8,98.2,98.4,98.7,98.2,97.9,98.4,98.1,94.8,95.2	Very low,Very low,Low,Very high,Very high,Very high,Very high,Very high,Very high,Very high,Very high,Very high,Very high,Very high,Very high,Very high,Very high,Very high,Very high,Very high,Very high,Very high,Very high,Very high,Very high,Very high,Very high,Very high,Very high	1,0.972,0.835,0.092,0.092,0.102,0.033,0.033,0.025,0.025,0.031,0.016,0.059,0.056,0.043,0.016,0.009,0,0.058,0.072,0.064,0.054,0.046,0.046,0.085,0.065,0.057,0.034,0.026	Disordered,Disordered,Disordered,Ordered,Ordered,Ordered,Ordered,Ordered,Ordered,Ordered,Ordered,Ordered,Ordered,Ordered,Ordered,Ordered,Ordered,Ordered,Ordered,Ordered,Ordered,Ordered,Ordered,Ordered,Ordered,Ordered,Ordered,Ordered,Ordered	115,109,106,84,44,56,27,4,72,8,15,0,0,30,0,0,7,0,10,53,7,62,2,92,69,7,38,112,16	Exposed,Exposed,Exposed,Exposed,Exposed,Exposed,Exposed,Buried,Exposed,Buried,Buried,Buried,Buried,Exposed,Buried,Buried,Buried,Buried,Buried,Exposed,Buried,Exposed,Buried,Exposed,Exposed,Buried,Exposed,Exposed,Buried	Mitochondrial aldehyde dehydrogenase; required for growth on ethanol and conversion of acetaldehyde to acetate; phosphorylated; activity is K+ dependent; utilizes NADP+ or NAD+ equally as coenzymes; expression is glucose repressed; can substitute for cytosolic NADP-dependent aldehyde dehydrogenase when directed to the cytosol; human homolog ALDH2 can complement yeast ald4 mutant
YLR304C	ACO1	P19414	35	18,20,37,83,87,174,202,254,231,238,239,252,257,298,311,319,351,383,385,386,387,391,395,409,417,467,468,508,549,550,556,591,595,736,767	87.5,100,100,100,100,100,100,100,100,100,100,100,100,100,100,62.5,100,100,100,100,100,100,100,75,100,100,100,100,87.5,75,75,100,100,87.5,100	100,100,100,100,0,0,0,100,100,100,100,0,100,100,0,0,100,100,100,100,100,100,100,100,100,100,100,100,87.5,75,75,100,100,87.5,100	55.2,72.2,92.9,95.7,98.6,98.4,98.8,90.2,98.7,97.9,97.8,96.2,94.8,97.9,98.2,97.2,94.9,94.8,95.8,97.3,98.3,98,98.3,96.9,98.4,98.8,98.7,97.4,91.8,91.5,94.9,95.2,96.9,98.7,96.1	Low,Confident,Very high,Very high,Very high,Very high,Very high,Very high,Very high,Very high,Very high,Very high,Very high,Very high,Very high,Very high,Very high,Very high,Very high,Very high,Very high,Very high,Very high,Very high,Very high,Very high,Very high,Very high,Very high,Very high,Very high,Very high,Very high,Very high,Very high	0.469,0.443,0.059,0.001,0.003,0,0.037,0.053,0.045,0.052,0.053,0.029,0.059,0.017,0.012,0.018,0.085,0.079,0.091,0.088,0.082,0.073,0.051,0.032,0.093,0.074,0.08,0.124,0.203,0.179,0.163,0.066,0.049,0.069,0.099	Ordered,Ordered,Ordered,Ordered,Ordered,Ordered,Ordered,Ordered,Ordered,Ordered,Ordered,Ordered,Ordered,Ordered,Ordered,Ordered,Ordered,Ordered,Ordered,Ordered,Ordered,Ordered,Ordered,Ordered,Ordered,Ordered,Ordered,Ordered,Ordered,Ordered,Ordered,Ordered,Ordered,Ordered,Ordered	132,46,7,6,0,2,0,85,35,8,3,61,54,17,6,73,30,3,1,3,14,10,10,17,1,0,0,85,89,116,52,2,0,52,3	Exposed,Exposed,Buried,Buried,Buried,Buried,Buried,Exposed,Exposed,Buried,Buried,Exposed,Exposed,Buried,Buried,Exposed,Exposed,Buried,Buried,Buried,Buried,Buried,Buried,Buried,Buried,Buried,Buried,Exposed,Exposed,Exposed,Exposed,Buried,Buried,Exposed,Buried	Aconitase; required for the tricarboxylic acid (TCA) cycle and also independently required for mitochondrial genome maintenance; component of the mitochondrial nucleoid; mutation leads to glutamate auxotrophy; human homolog ACO2 can complement yeast null mutant
YLR259C	HSP60	P19882	35	4,5,22,23,43,80,100,102,122,124,141,153,177,185,197,203,231,232,249,250,351,357,373,377,378,379,381,382,395,407,439,470,485,495,506	75,75,100,62.5,100,87.5,100,100,100,100,75,50,62.5,100,100,100,100,75,100,100,100,75,100,87.5,87.5,100,100,100,100,100,100,100,100,87.5,25	87.5,75,100,100,100,87.5,100,100,100,100,100,100,62.5,100,100,100,100,75,100,100,100,75,100,100,100,100,100,100,100,100,100,100,100,87.5,25	36.2,38.6,64.2,78.8,97.4,92.9,92.1,90.9,96.3,95.2,96.8,97,90.4,91.8,84.8,90.8,75.9,85.1,96.1,95.2,94.5,93.9,88.6,75.4,84.1,78.8,79.5,81.9,75.7,88.9,96.8,97.2,94.9,90.5,92	Very low,Very low,Low,Confident,Very high,Very high,Very high,Very high,Very high,Very high,Very high,Very high,Very high,Very high,Confident,Very high,Confident,Confident,Very high,Very high,Very high,Very high,Confident,Confident,Confident,Confident,Confident,Confident,Confident,Confident,Very high,Very high,Very high,Very high,Very high	1,1,0.574,0.556,0.283,0.009,0.177,0.239,0.044,0.048,0.049,0.039,0.092,0.018,0.021,0.035,0.089,0.076,0.029,0.023,0.085,0.169,0.077,0.106,0.107,0.112,0.093,0.079,0.069,0.184,0.071,0.041,0.049,0.046,0.087	Disordered,Disordered,Disordered,Disordered,Ordered,Ordered,Ordered,Ordered,Ordered,Ordered,Ordered,Ordered,Ordered,Ordered,Ordered,Ordered,Ordered,Ordered,Ordered,Ordered,Ordered,Ordered,Ordered,Ordered,Ordered,Ordered,Ordered,Ordered,Ordered,Ordered,Ordered,Ordered,Ordered,Ordered,Ordered	104,117,21,108,56,53,25,0,20,3,1,53,62,49,13,52,27,36,48,36,0,67,46,138,128,17,102,116,72,58,3,22,62,61,58	Exposed,Exposed,Exposed,Exposed,Exposed,Exposed,Exposed,Buried,Buried,Buried,Buried,Exposed,Exposed,Exposed,Buried,Exposed,Exposed,Exposed,Exposed,Exposed,Buried,Exposed,Exposed,Exposed,Exposed,Buried,Exposed,Exposed,Exposed,Exposed,Buried,Exposed,Exposed,Exposed,Exposed	Tetradecameric mitochondrial chaperonin; required for ATP-dependent folding of precursor polypeptides and complex assembly; prevents aggregation and mediates protein refolding after heat shock; role in mtDNA transmission; phosphorylated
YLR355C	ILV5	P06168	39	21,44,56,59,74,75,85,87,113,130,139,153,166,168,170,174,199,202,205,215,216,217,254,257,284,286,292,311,317,318,319,328,343,345,346,350,355,360,374	100,25,100,100,100,100,100,100,100,50,25,100,100,100,100,100,100,100,100,100,100,100,100,100,100,100,100,100,100,100,100,100,100,100,100,75,100,100,100	100,25,100,100,100,0,100,100,100,75,62.5,100,100,100,100,100,100,100,100,100,100,100,100,100,100,100,100,100,100,100,100,100,100,100,100,100,100,100,100	37.8,41,93.9,92.8,98.1,98.2,98.2,95.1,97,98.2,98.5,95.6,98.8,98.7,98.1,97.5,92.6,94.1,96.5,97.7,97.8,98.4,97.4,97.6,98.4,97.9,98.1,96.9,96,96.3,96.2,97.2,98.3,97.9,97.5,97.6,94.9,91.5,96.9	Very low,Very low,Very high,Very high,Very high,Very high,Very high,Very high,Very high,Very high,Very high,Very high,Very high,Very high,Very high,Very high,Very high,Very high,Very high,Very high,Very high,Very high,Very high,Very high,Very high,Very high,Very high,Very high,Very high,Very high,Very high,Very high,Very high,Very high,Very high,Very high,Very high,Very high,Very high	0.794,0.287,0.08,0.021,0,0,0.023,0.028,0.018,0.007,0.006,0.056,0.004,0.012,0.008,0.017,0.089,0.036,0.021,0.039,0.035,0.033,0.04,0.037,0.107,0.086,0.034,0.0,0.035,0.034,0.032,0.007,0.098,0.228,0.257,0.38,0.334,0.27,0.03	Disordered,Ordered,Ordered,Ordered,Ordered,Ordered,Ordered,Ordered,Ordered,Ordered,Ordered,Ordered,Ordered,Ordered,Ordered,Ordered,Ordered,Ordered,Ordered,Ordered,Ordered,Ordered,Ordered,Ordered,Ordered,Ordered,Ordered,Ordered,Ordered,Ordered,Ordered,Ordered,Ordered,Ordered,Ordered,Ordered,Ordered,Ordered,Ordered	136,83,84,51,60,4,11,65,48,36,25,37,2,0,17,0,52,51,45,0,0,3,55,69,37,59,4,102,73,119,119,118,102,20,0,77,23,73,90	Exposed,Exposed,Exposed,Exposed,Exposed,Buried,Buried,Exposed,Exposed,Exposed,Exposed,Exposed,Buried,Buried,Buried,Buried,Exposed,Exposed,Exposed,Buried,Buried,Buried,Exposed,Exposed,Exposed,Exposed,Buried,Exposed,Exposed,Exposed,Exposed,Exposed,Exposed,Buried,Buried,Exposed,Exposed,Exposed,Exposed	Acetohydroxyacid reductoisomerase and mtDNA binding protein; involved in branched-chain amino acid biosynthesis and maintenance of wild-type mitochondrial DNA; found in mitochondrial nucleoids
YJR045C	SSC1	P0CS90	45	11,12,14,15,16,21,31,61,63,64,66,71,97,125,138,137,139,169,177,201,269,311,319,330,332,353,354,355,367,378,385,440,450,457,458,481,516,528,572,594,617,623,624,636,649	87.5,50,50,37.5,62.5,50,62.5,62.5,100,100,100,100,87.5,75,75,87.5,87.5,100,100,100,50,87.5,87.5,87.5,87.5,37.5,87.5,100,87.5,62.5,87.5,100,100,87.5,87.5,62.5,100,87.5,100,62.5,87.5,87.5,87.5,87.5,50	87.5,50,50,37.5,62.5,50,62.5,62.5,100,100,100,100,87.5,75,87.5,87.5,100,100,100,100,62.5,0,0,87.5,87.5,37.5,87.5,100,100,62.5,87.5,100,100,87.5,87.5,62.5,100,87.5,100,75,87.5,87.5,87.5,87.5,50	33.4,32.1,30.9,33.5,34.8,31.2,85.6,96.8,98.1,98.5,98.5,92.7,96.9,91.9,96.9,96.6,96.6,96.9,80.6,94.9,96.1,92.7,97.1,98.1,98.1,96.8,96.7,95.9,97.5,97.3,94.2,93.2,87.8,87.4,87.6,88,88.4,65,88.4,93.4,91.1,91.9,88.8,53.6,42.6	Very low,Very low,Very low,Very low,Very low,Very low,Confident,Very high,Very high,Very high,Very high,Very high,Very high,Very high,Very high,Very high,Very high,Very high,Confident,Very high,Very high,Very high,Very high,Very high,Very high,Very high,Very high,Very high,Very high,Very high,Very high,Very high,Confident,Confident,Confident,Confident,Confident,Low,Confident,Very high,Very high,Very high,Confident,Low,Very low	0.955,0.963,0.936,0.934,0.908,0.752,0.329,0.218,0.158,0.146,0.103,0.06,0.015,0.061,0.035,0.034,0.035,0.003,0.091,0.012,0.059,0.089,0.037,0.012,0.022,0.082,0.078,0.073,0.032,0.026,0.134,0.103,0.092,0.094,0.069,0.031,0.644,0.735,0.375,0.159,0.356,0.338,0.346,0.9,0.996	Disordered,Disordered,Disordered,Disordered,Disordered,Disordered,Ordered,Ordered,Ordered,Ordered,Ordered,Ordered,Ordered,Ordered,Ordered,Ordered,Ordered,Ordered,Ordered,Ordered,Ordered,Ordered,Ordered,Ordered,Ordered,Ordered,Ordered,Ordered,Ordered,Ordered,Ordered,Ordered,Ordered,Ordered,Ordered,Ordered,Disordered,Disordered,Ordered,Ordered,Ordered,Ordered,Ordered,Disordered,Disordered	108,109,114,88,101,99,36,38,32,3,7,17,11,109,23,70,3,0,9,1,116,67,1,109,0,48,55,94,3,90,28,53,41,70,49,75,48,13,38,41,22,21,10,75,130	Exposed,Exposed,Exposed,Exposed,Exposed,Exposed,Exposed,Exposed,Exposed,Buried,Buried,Buried,Buried,Exposed,Exposed,Exposed,Buried,Buried,Buried,Buried,Exposed,Exposed,Buried,Exposed,Buried,Exposed,Exposed,Exposed,Buried,Exposed,Exposed,Exposed,Exposed,Exposed,Exposed,Exposed,Exposed,Buried,Exposed,Exposed,Exposed,Exposed,Buried,Exposed,Exposed	Hsp70 family ATPase; constituent of the import motor component of the Translocase of the Inner Mitochondrial membrane (TIM23 complex); involved in protein translocation and folding; subunit of SceI endonuclease; SSC1 has a paralog, ECM10, that arose from the whole genome duplication
